group,run,kind,candidate,episode,reachedStage,progress,deaths,lives,frames,wallSeconds,replayEqual,fullGameClearVerified,oneLifeClearVerified,gunKills
1,mpc-2026-10-01T08-03-06-465Z,training,0,1,1,2414,0,2,7004,275.1005858,true,false,false,
2,mpc-2026-10-01T08-07-55-820Z,training,0,1,2,0,0,2,5421,88.0130063,true,false,false,
3,mpc-2026-10-01T08-18-10-275Z,training,0,1,2,512,0,3,7021,159.4014282,true,false,false,
3,mpc-2026-10-01T08-21-19-198Z,training,0,2,2,1280,0,3,9453,189.3653263,true,false,false,
3,mpc-2026-10-01T08-24-50-140Z,training,0,3,2,1280,0,3,10093,121.6647129,true,false,false,
3,mpc-2026-10-01T08-27-40-214Z,training,0,4,3,0,0,3,12096,455.0583591,true,false,false,
4,mpc-2026-10-01T08-37-24-611Z,training,0,1,3,166,0,3,13408,219.7653269,true,false,false,
5,native-20261001-163243,training,0,1,2,0,0,3,4890,106.52112800000032,true,false,false,
6,native-20261001-163735,training,0,1,3,0,0,3,10623,167.66762169999856,true,false,false,
7,native-20261001-164106,training,0,1,3,166,0,3,13135,180.63117480000074,true,false,false,
8,native-20261001-164731,training,0,1,3,260,0,3,13503,92.78006689999893,true,false,false,
9,native-20261001-164912,training,0,1,3,1110,1,3,16543,133.88295590000052,true,false,false,
10,native-20261001-165135,training,0,1,3,2064,1,2,20143,166.24180860000342,true,false,false,
11,native-20261001-165430,training,0,1,4,0,2,2,22165,92.5733470999985,true,false,false,
12,native-20261001-165640,training,0,1,4,2048,2,2,31925,266.8112070999996,false,false,false,
12,native-20261001-170321,fresh_boot_recertification,0,2,4,2048,2,2,31925,266.8112070999996,true,false,false,
12,native-20261001-170353,training,0,3,4,2048,2,2,32549,169.95149949999904,false,false,false,
12,native-20261001-170717,training,0,4,5,0,2,2,33262,95.99472000000242,true,false,false,
13,native-20261001-170907,training,0,1,5,1069,2,3,34974,103.78935240000283,true,false,false,
13,native-20261001-171103,training,0,2,5,5120,4,1,42430,219.310060900003,true,false,false,
14,native-20261001-171509,training,0,1,6,0,4,1,43097,61.90777479999815,true,false,false,
15,native-20261001-171629,training,0,1,6,1448,6,0,45742,80.4683812000003,true,false,false,
15,native-20261001-171819,training,0,2,6,793,4,1,45193,151.585061400001,false,false,false,
15,native-20261001-172101,fresh_boot_recertification,0,3,6,793,4,1,45193,151.585061400001,true,false,false,
16,native-20261001-172139,training,0,1,6,1608,6,0,47249,108.94951810000202,true,false,false,
16,native-20261001-172400,training,0,2,6,1455,6,0,46885,86.40800549999403,true,false,false,
16,native-20261001-172712,training,0,3,6,1736,4,1,47433,182.28476919999957,true,false,false,
17,native-20261001-173032,training,0,1,6,2603,4,1,50873,260.24371899999824,true,false,false,
18,native-20261001-173505,training,0,1,6,3072,5,1,55065,169.83073490000243,true,false,false,
19,native-20261001-173827,training,0,1,7,1330,6,0,58121,132.09229929999856,true,false,false,
20,native-20261001-174101,training,0,1,8,0,5,2,62289,306.44395500000246,true,false,false,
21,native-20261001-174625,training,0,1,8,2560,5,3,67190,191.62492550000024,true,true,false,
22,native-20261001-190046,training,0,1,4,0,0,4,23076,126.28268869999738,true,false,false,
23,native-20261001-190306,training,0,1,4,256,0,4,30916,130.31028420000803,true,false,false,
24,native-20261001-190539,training,0,1,4,256,0,4,39492,144.71833250000782,true,false,false,
24,native-20261001-190944,training,0,2,5,2540,1,5,49712,230.9958867999958,true,false,false,
24,native-20261001-191706,training,0,3,5,2540,1,5,49712,42.07366570000886,true,false,false,
24,native-20261001-191909,training,0,4,6,1736,1,6,58309,145.33712809999997,false,false,false,
24,native-20261001-192155,fresh_boot_recertification,0,5,6,1736,1,6,58309,145.33712809999997,true,false,false,
24,native-20261001-192246,training,0,6,6,1736,1,6,58309,43.03521480000927,false,false,false,
24,native-20261001-192331,training,0,7,6,1736,0,6,58908,118.70894870000484,false,false,false,
24,native-20261001-192538,fresh_boot_recertification,0,8,6,1736,0,6,58908,118.70894870000484,true,false,false,
24,native-20261001-192606,training,0,9,6,1736,0,6,59484,197.81779319999623,false,false,false,
24,native-20261001-192926,training,0,10,6,1448,0,6,57900,103.20693459999165,false,false,false,
24,native-20261001-193121,training,0,11,6,1448,0,6,57900,105.72605650000332,false,false,false,
24,native-20261001-193315,training,0,12,8,2560,0,10,77187,559.7081506999966,true,true,true,14
25,native-20261001-201819,training,0,1,8,2560,0,10,77417,420.31495059998997,true,true,true,17
26,search-2026-10-01T07-53-05-089Z,training,0,1,1,2263,3,0,3710,9.3485877,true,false,false,
26,search-2026-10-01T07-53-05-089Z,training,1,2,1,2263,3,0,3710,9.1523444,true,false,false,
26,search-2026-10-01T07-53-05-089Z,training,2,3,1,2182,3,0,3569,8.9850298,true,false,false,
26,search-2026-10-01T07-53-05-089Z,training,3,4,1,2182,3,0,3569,10.250933499999999,true,false,false,
26,search-2026-10-01T07-53-05-089Z,training,4,5,1,2182,3,0,3607,8.916992099999996,true,false,false,
26,search-2026-10-01T07-53-05-089Z,training,5,6,1,2182,3,0,3607,10.749096599999998,true,false,false,
26,search-2026-10-01T07-53-05-089Z,training,6,7,1,2213,3,0,3636,8.807192500000005,true,false,false,
26,search-2026-10-01T07-53-05-089Z,training,7,8,1,2213,3,0,3636,8.5642405,true,false,false,
26,search-2026-10-01T07-53-05-089Z,training,8,9,1,2182,3,0,3577,8.98700970000001,true,false,false,
26,search-2026-10-01T07-53-05-089Z,training,9,10,1,2182,3,0,3577,8.480761,true,false,false,
26,search-2026-10-01T07-53-05-089Z,training,10,11,1,2182,3,0,3606,8.606102299999998,true,false,false,
26,search-2026-10-01T07-53-05-089Z,training,11,12,1,2182,3,0,3606,8.816939799999993,true,false,false,
26,search-2026-10-01T07-55-55-540Z,training,0,13,1,2045,3,0,3484,8.486811099999999,true,false,false,
26,search-2026-10-01T07-55-55-540Z,training,1,14,1,2025,3,0,3485,8.4068565,true,false,false,
26,search-2026-10-01T07-55-55-540Z,training,2,15,1,2467,3,0,3893,10.0183684,true,false,false,
26,search-2026-10-01T07-55-55-540Z,training,3,16,1,2031,3,0,3451,8.211828399999998,true,false,false,
26,search-2026-10-01T07-55-55-540Z,training,4,17,1,2355,3,0,3780,9.310578199999997,true,false,false,
26,search-2026-10-01T07-55-55-540Z,training,5,18,1,2025,3,0,3485,8.831408299999996,true,false,false,
26,search-2026-10-01T07-55-55-540Z,training,6,19,1,2371,3,0,3817,8.9691596,true,false,false,
26,search-2026-10-01T07-55-55-540Z,training,7,20,1,2481,3,0,3924,9.751100299999997,true,false,false,
26,search-2026-10-01T07-55-55-540Z,training,8,21,1,2182,3,0,3580,9.2452932,true,false,false,
26,search-2026-10-01T07-55-55-540Z,training,9,22,1,2263,3,0,3684,9.326763200000002,true,false,false,
26,search-2026-10-01T07-55-55-540Z,training,10,23,1,2209,3,0,3629,8.867046300000002,true,false,false,
26,search-2026-10-01T07-55-55-540Z,training,11,24,1,2182,3,0,3585,9.141470100000006,true,false,false,
